First Name;Last Name;Age;Blood Type;Marriage Status;Salary
Kirsten;Miller;38;0-;unmarried;4817
Mary;Gray;39;0-;MARRIED;2320
Martin;Cameron;23;A-;married;6998
Arianna;Holmes;19;A-;Married;4087
Adrian;Andrews;22;A+;unmarried;3457
Briony;Owens;21;0-;married;5688
Harold;Dixon;27;0+;Married;9326
Valeria;Harrison;28;A-;Unmarried;8337
Ryan;Ferguson;26;AB-;married;615
Tara;Scott;29;B+;unmarried;7821
Olivia;Anderson;21;B+;Unmarried;9603
Caroline;Watson;36;A+;UNMARRIED;3974
Samantha;Elliott;37;A+; MARRIED ;4110
Henry;Ross;126;B-;Married;5112
Savana;Hamilton;29;B+;MARRIED;9866
Paul;Evans;29;B+;Married;6515
Madaline;Miller;33;0+;Married;3262
Alan;Mitchell;26;B+;  unmarried ;7412
Fenton;Stewart;32;A+;married;5142
Catherine;Gibson;d;B-;MARRIED;7547
Briony;Owens;21;0-;MARRIED;1245
Alford;Richards;36;B-;unmarried;7119
Tyler;Foster;32;0-;UNMARRIED;1889
Isabella;Carter;30;B+;UNMARRIED;5476
Sarah;Owens;37;A-;Unmarried;9346
Aston;West;37;AB-;MARRIED;6086
Nicholas;Casey;25;0+;Married;7916
Sawyer;Miller;37;B-;unmarried;8705
Aldus;Kelly;36;A-;Unmarried;9648
Tiana;Chapman;32;A-;UNMARRIED;6103
Luke;Roberts;40;B+;Unmarried;9695
Ryan;Wilson;29;B+;MARRIED;4464
Sienna;Turner;27;B+;Married;7923
Natalie;Jones;38;AB-;MARRIED;6692
Maria;Clark;32;AB+;Married;8052
Brad;Hill;22;A-;Married;1380
Carlos;Owens;34;A-;unmarried;2379
Aiden;Farrell;29;0-;UNMARRIED;7377
Abigail;Carter;20;AB-;Married;9218
Alford;Barrett;29;0-;Unmarried;2495
Adam;Chapman;27;A-;Married;5198
Alexia;Craig;19;B+;MARRIED;8820
Frederick;Harper;18;B-;unmarried;5970
Roland;Gray;25;AB-;Unmarried;8809
Alen;Allen;27;AB-;married;3932
Cherry;Myers;35;AB-;UNMARRIED;5836
Cherry;Mason;23;AB+;MARRIED;5324
Adison;Walker;29;A+;UNMARRIED;6694
Miller;Carroll;39;AB-;MARRIED;3247
Alexander;Robinson;33;AB+;Married;9966
Brad;Evans;40;B-;UNMARRIED;4241
Brianna;Wells;18;0+;Unmarried;3992
Kelvin;Warren;25;0-;unmarried;7085
Aiden;Ferguson;29;A+;MARRIED;5631
Oscar;Wilson;31;AB+;UNMARRIED;8969
Kelsey;Wells;18;A+;MARRIED;6430
Stuart;Wilson;18;0-;unmarried;1717
Fenton;Wilson;28;0+;Unmarried;6884
Edward;Þakir;30;0-;Unmarried;5135
Rebecca;Campbell;29;0+;Unmarried;1365
Natalie;Harper;40;AB-;married;2987
Ned;Hill;27;0-;married;4829
Catherine;Owens;39;AB+;MARRIED;5330
Robert;Holmes;18;AB+;Married;909
Kelsey;Morgan;36;A+;MARRIED;1521
Lilianna;Bailey;34;A+;Unmarried;3381
Rebecca;Williams;31;AB-;UNMARRIED;1790
Derek;Bennett;31;AB-; UNMARRIED ;34oi
Aida;Kelley;26;B-;unmarried;758
John;Gibson;22;A+;UNMARRIED;1007
Ashton;Murray;34;B+;Unmarried;5396
Briony;Ryan;40;0-;unmarried;5456
Leonardo;Stevens;35;B+;MARRIED;9328
Sofia;Mason;37;A-;MARRIED;1366
Catherine;Gray;22;AB+;Married;4265
Amber;Campbell;20;A-;married;3259
Dominik;Fowler;22;A+;Unmarried;6702
David;Watson;22;A-;married;9089
Agata;Murray;39;0+;UNMARRIED;9454
Maya;Casey;40;B+;Married;3993
Agata;Bennett;33;0-;UNMARRIED;9055
Paul;Hill;19;B-;UNMARRIED;3694
Jasmine;Brown;24;B+;Married;3441
Evelyn;Stewart;19;0+;UNMARRIED;6139
Alen;Johnston;27;AB-;UNMARRIED;8826
Dexter;Alexander;n;0+;UNMARRIED;2409
Gianna;Hawkins;27;B-;married;2569
Jared;Hall;39;B-;MARRIED;542
Ryan;Robinson;23;A-;UNMARRIED;8794
Carlos;Dixon;37;0+;Married;7204
Connie;West;23;0+;UNMARRIED;1407
Florrie;Wilson;31;AB+;unmarried;1780
Stuart;Gibson;25;0-;Unmarried;2033
Victor;Clark;36;AB+;UNMARRIED;6237
Carina;Carroll;32;A-;Unmarried;2190
Madaline;Casey;30;AB-;Married;3054
Paul;Johnson;21;AB-;MARRIED;9119
Alfred;Phillips;30;A+;UNMARRIED;3480
Chelsea;Montgomery;21;A+;married;5955
Adison;Brooks;20;B-;Married;9378
Emma;Craig;24;0-;unmarried;3987
Rafael;Cunningham;38;B+;Unmarried;1351
Mary;Grant;27;A-;Married;4834
Martin;Lloyd;20;B+;MARRIED;3315
James;Craig;40;AB+;MARRIED;2217
Jared;Owens;37;B+;married;8599
Daniel;Perkins;40;C+;unmarried;6074
Clark;Russell;30;B+;Married;8419
Eric;Watson;36;0-;Unmarried;7688
Bruce;Carroll;32;0+;UNMARRIED;ss27
Stella;Sullivan;34;0-;MARRIED;7868
Garry;Anderson;32;AB-;Married;6742
Belinda;Adams;35;0-;Unmarried;8722
Brianna;Campbell;31;A-;Unmarried;1309
Lana;Miller;24;A-;UNMARRIED;2881
Carlos;Stewart;32;AB+;unmarried;7548
Sabrina;Davis;36;A+;Unmarried;3218
Oliver;Craig;34;AB-;married;4950
Tess;Chapman;25;A+;unmarried;7590
Ashton;Fowler;24;0-;UNMARRIED;2012
Darcy;Johnston;36;0+;Married;2154
Thomas;Moore;25;0-;UNMARRIED;8498
Aida;Hill;19;AB+;married;3292
Rafael;Higgins;31;A+;unmarried;3688
Rebecca;Holmes;30;A+;unmarried;4735
Alan;Johnson;22;A+;MARRIED;4983
Joyce;Morrison;39;A+;married;6242
Aiden;Foster;40;A+;Married;3854
Brianna;Rogers;31;B+; MARRIED ;7963
Emily;Farrell;33;AB+;Unmarried;2196
Miranda;Andrews;33;A+;Unmarried;3231
Roman;Smith;30;A+;UNMARRIED;1950
Jack;West;18;AB-;UNMARRIED;3048
Preston;Ross;27;A-;Married;7566
Miley;Wright;35;AB-;married;4765
Ashton;Andrews;26;A+;married;4765
Vanessa;Moore;18;A-;Married;6165
Jordan;Ellis;23;0-;UNMARRIED;839
Derek;Thomas;19;0+;MARRIED;3184
James;Harper;31;B+;Married;3852
Alisa;Reed;33;AB+;Unmarried;5867
Sawyer;Perkins;34;0+;MARRIED;1052
Valeria;Rogers;32;0+;married;593
Fiona;Casey;a;A+;Unmarried;4588
Robert;Foster;36;0+;Married;1861
Annabella;Smith;30;AB-;unmarried;2974
Lucy;Fowler;26;0-;unmarried;2136
Patrick;Hamilton;39;A-;UNMARRIED;4580
Martin;Morris;26;B+;MARRIED;7425
Anna;Brooks;36;A+;UNMARRIED;9227
Adelaide;Murphy;39;A-;unmarried;6092
Jacob;Taylor;40;B+;married;9080
Sydney;Richardson;40;B+;unmarried;7724
Alberta;Barnes;23;B-;Unmarried;8885
Dexter;Clark;37;AB+;married;2767
Natalie;Gibson;31;AB-;unmarried;2459
Caroline;Perkins;30;AB-;MARRIED;3867
Cherry;Harrison;28;B-;married;8509
Clark;Hill;38;0-;Unmarried;5814
Clark;Turner;36;0+;Unmarried;1830
Sophia;Stewart;32;B+;Unmarried;705
Nicole;Ross;27;0-;UNMARRIED;8546
Freddie;Roberts;24;0+;Unmarried;3281
Sofia;Clark;38;AB+;married;3254
Belinda;Montgomery;22;0-;UNMARRIED;6111
Miley;Myers;29;AB+;Unmarried;7546
Luke;Rogers;26;AB+;UNMARRIED;7519
Kevin;Turner;27;0+;UNMARRIED;2275
Julia;Stevens;24;AB+;Unmarried;7886
Carl;Ferguson;35;B-;unmarried;703
Florrie;Alexander;30;A-;UNMARRIED;5627
Lydia;Andrews;39;0+;married;3752
Albert;Henderson;39;B+;Married;1255
Lily;Edwards;20;AB-;unmarried;5721
Isabella;Anderson;21;A+;Unmarried;7841
Edgar;Miller;35;A-;UNMARRIED;2617
Gianna;Barrett;31;B+;UNMARRIED;8196
Kristian;Sullivan;23;A+;married;9477
Nicholas;Fowler;28;B+;MARRIED;6697
Kimberly;Baker;20;AD+;unmarried;s
Joyce;Jones;18;B-;MARRIED;8703
Rosie;Johnston;37;A+;UNMARRIED;2789
Deanna;Ryan;19;B+;married;4700
William;Carter;39;AB-;married;6427
Robert;Hill;22;0+;MARRIED;1674
Haris;Stevens;40;0-;married;6967
Dexter;Cunningham;21;A+;Unmarried;8387
Kate;Nelson;21;B-;Unmarried;5042
Ryan;Morgan;35;0+;Unmarried;5476
Jacob;Allen;30;AB+;MARRIED;4200
Aiden;Higgins;40;0-;Unmarried;6372
Carina;Hall;38;AB-;Married;5682
Sydney;Bennett;38;B+;MARRIED;2745
Aida;Higgins;32;AB+;Unmarried;9153
Carina;Allen;21;B-;UNMARRIED;8436
Lucia;Adams;37;A+;married;8357
Patrick;Thomas;22;B-;MARRIED;6699
Melissa;Ferguson;19;B+;unmarried;5955
Cherry;Sullivan;27;A-;UNMARRIED;632
Lana;Craig;31;B+;unmarried;4584
Kevin;Smith;23;A+;UNMARRIED;3382
Nicole;Davis;20;0+; Unmarried ;3486
Daniel;Carter;29;AB-;Unmarried;2882
Jacob;Cole;30;A-;married;4708
Sofia;Mason;26;0+;unmarried;1704
Sarah;Howard;20;AB+;unmarried;4885
Preston;Davis;36;B-;married;2508
Clark;Ryan;36;A+;Married;8950
Violet;Murray;27;A-;Unmarried;4609
Adelaide;Johnston;l;AB+;MARRIED;1709
Dominik;Morgan;27;A+;married;1538
Patrick;Cameron;32;B-;Married;4305
Adison;Casey;20;A+;married;4456
Briony;Taylor;27;B+;Married;4438
James;Perkins;30;0+;unmarried;6298
Hailey;Carter;30;0-;Married;2980
Amanda;Hall;32;A+;married;9816
Kimberly;Cunningham;38;0+;unmarried;767
Victor;Moore;30;B+;Unmarried;9116
Audrey;Holmes;26;A+;married;1285
Jessica;Jones;29;0+;MARRIED;9034
Jenna;Murray;32;0+;unmarried;8578
Rosie;Gibson;40;0-;unmarried;9000
Bruce;Miller;33;0+;Unmarried;2650
Valeria;Armstrong;19;AB-;Married;6446
Adrianna;Howard;36;B-;MARRIED;4301
Andrew;Sullivan;24;0+;Married;8870
Chelsea;Taylor;37;B-;UNMARRIED;4044
Aston;Thomas;29;A+;unmarried;6009
Eleanor;Rogers;39;A-;UNMARRIED;9521
Rosie;Chapman;34;AB-;married;4044
Madaline;Hill;18;0+;Married;8891
Kevin;Cunningham;25;A+;married;3006
Miranda;Tucker;29;AB+;unmarried;6427
Anna;Dixon;32;B+;MARRIED;3598
Miller;Myers;26;AB-;UNMARRIED;4211
George;Fowler;25;AB+;unmarried;1311
Penelope;Miller;25;B+;UNMARRIED;5607
Heather;Gray;24;AB-;married;3161
Tiana;Richardson;31;A-;married;5420
Richard;Harris;30;0-;Married;6816
Carina;Johnston;32;AB-;MARRIED;4199
Aida;Evans;22;0-;MARRIED;9225
Tony;Cunningham;29;B+;UNMARRIED;1272
Ryan;Hamilton;29;A+;Unmarried;8138
Daniel;Harris;36;AB-;Married;5523
Alberta;Davis;28;0+;MARRIED;i
Tyler;Edwards;35;0-;MARRIED;7953
Florrie;Taylor;19;0-;unmarried;5790
Tara;Martin;33;B-;married;2867
Amber;Jones;24;B-;UNMARRIED;8739
Michelle;Thomas;23;B+;unmarried;4823
Florrie;Carter;35;0-;unmarried;1445
Ned;Morrison;27;0+;unmarried;7739
Max;Ellis;34;A+;unmarried;6974
Jacob;Miller;34;A+;Unmarried;7392
Eric;Scott;23;0-;unmarried;2039
Lucas;Mason;39;0+;married;5844
Aiden;Rogers;39;0+;unmarried;1435
Bruce;Nelson;28;0-;UNMARRIED;7548
Max;Adams;24;A+;unmarried;5364
John;Payne;27;A+;MARRIED;4979
Melissa;Brooks;26;0+;UNMARRIED;6439
Chelsea;Wilson;19;0-;MARRIED;7871
Agata;Stevens;20;AB+;MARRIED;1405
Lucia;Murray;27;AB-;Unmarried;9538
Kristian;Murphy;35;B-;unmarried;2081
Tara;Baker;26;B-;unmarried;2216
Hailey;Kelly;38;A-;MARRIED;5144
Thomas;Hunt;k;A+;MARRIED;4742
Nicole;Kelley;39;0+;UNMARRIED;7137
Brianna;Ferguson;39;0+;Married;1960
Michael;Howard;36;AB+;unmarried;8442
Lucia;Armstrong;38;A-;unmarried;6362
Adele;Watson;36;AB-;Unmarried;2732
Jacob;Barrett;30;AB-;Unmarried;6579
Alen;Harper;28;A-;unmarried;1885
Harold;Miller;27;AB-;UNMARRIED;5984
Alberta;Hunt;32;0+;unmarried;4532
Kelvin;Wells;38;0-;UNMARRIED;7175
Alan;Smith;19;AD-;married;8352
Amber;Spencer;31;B-;UNMARRIED;3270
Owen;Barnes;25;AB+;UNMARRIED;1998
Jacob;Andrews;37;AB-;UNMARRIED;9298
Preston;Miller;32;A-;married;1008
Chloe;Walker;21;B+;Unmarried;8472
Ellia;Carroll;24;B-;Married;6689
Alan;Martin;30;0+;MARRIED;2548
Jasmine;Bailey;36;B+;Unmarried;4315
Alina;Bailey;31;B-;UNMARRIED;7624
Bruce;Scott;32;AB-;unmarried;9597
Andrew;Thompson;36;0-;married;9180
Daisy;Hill;36;A+;Married;2603
Patrick;Cunningham;18;0+;unmarried;6035
Maria;Nelson;33;0+;married;7050
Aldus;Bennett;30;A+;Unmarried;3509
Albert;Anderson;18;A-;MARRIED;5572
Adrian;Turner;40;AB-;Unmarried;8632
Lana;Cameron;25;B-;married;5226
Edwin;Higgins;31;A+;Married;716
Dainton;Kelley;28;B-;UNMARRIED;3373
Adison;Robinson;26;B+;MARRIED;2362
April;Armstrong;35;0-;UNMARRIED;2i76
Amber;Owens;28;AB+;married;1815
Luke;Nelson;28;B-;unmarried;8225
Roman;Anderson;40;AB-;unmarried;4409
Kelvin;Grant;30;B-;MARRIED;7894
Alan;Nelson;30;A-;unmarried;9610
Freddie;Kelley;30;B+;Married;9894
Garry;Myers;20;0-;Unmarried;2426
Miller;Alexander;39;A-;Unmarried;6785
James;Cooper;22;AB+;MARRIED;8245
Spike;Dixon;37;AB-;Unmarried;5197
Emily;Brown;26;A+;MARRIED;8284
Lenny;Adams;35;0-;MARRIED;7543
Ted;Howard;24;0+;unmarried;5706
Stella;Morris;23;B-;MARRIED;6755
Kelvin;Roberts;38;AB-;married;4231
Tiana;Sullivan;30;A+;married;7754
Dainton;Fowler;39;AB-;married;1070
Abigail;Robinson;26;0-;Unmarried;1855
James;Edwards;40;AB+;Married;7350
Tiana;Anderson;40;A-;unmarried;9751
Belinda;Davis;28;A-;unmarried;3958
Sienna;Chapman;20;0+;MARRIED;3384
Penelope;Barnes;18;A-;unmarried;6800
Adelaide;Stewart;19;A-;married;6968
Edith;Kelly;35;A-;Married;8457
John;Henderson;29;B-;married;5431
Oliver;Mitchell;35;A-;unmarried;2193
Lana;Wilson;26;B+;MARRIED;8673
Max;Foster;40;0+;MARRIED;8305
Alisa;Alexander;26;B+;Married;4056
Ryan;Baker;22;0-;Married;849
Lucy;Tucker;33;A-;Unmarried;9620
Edith;Walker;E9;B-;Married;2280
Fiona;Morris;29;A+;Married;4758
Byron;Cole;29;B+;Unmarried;7514
Thomas;Riley;34;B+;UNMARRIED;1889
Eleanor;Crawford;36;0-;unmarried;4651
Cherry;Ross;40;B+;UNMARRIED;9440
Julian;Crawford;38;AB+;Unmarried;8174
George;Kelley;20;AB-;MARRIED;2896
Arnold;Sullivan;23;0-;MARRIED;4636
Amy;Miller;27;B-;MARRIED;6458
Edwin;Douglas;19;0+;unmarried;9939
Chloe;Scott;27;B-;Unmarried;9842
Kimberly;Reed;21;B+;UNMARRIED;3212
Frederick;Cole;39;AB-;married;4170
Joyce;Hall;32;A+;unmarried;7596
Evelyn;Ryan;20;B+;UNMARRIED;3783
Julia;Barnes;20;A+;unmarried;5525
Deanna;Wells;28;0+;Unmarried;4946
Jacob;Ellis;39;AB+;MARRIED;3534
Aida;Hill;28;0+;UNMARRIED;8984
Steven;Gray;30;AB+;Married;7830
Maximilian;Ross;40;A-;MARRIED;9834
Reid;Johnston;18;AB+;unmarried;5951
Wilson;Davis;32;AB-;UNMARRIED;6287
Julian;Holmes;23;A+;Unmarried;5265
Miley;Myers;21;A+;unmarried;7645
Jared;Rogers;33;B-;Married;4959
Adelaide;Edwards;29;0-;UNMARRIED;3569
Alfred;Stevens;31;0-;married;1700
Alford;Ross;22;B+;Married;5309
Victoria;Brown;21;B+;MARRIED;3189
Antony;Thomas;30;A+;unmarried;3480
Derek;Edwards;18;B+;unmarried;9568
Chester;Spencer;30;A+;unmarried;703
Antony;Richards;24;AB-;MARRIED;4870
Oliver;Gray;34;AB-;unmarried;4219
Elise;Thompson;25;A-;Unmarried;9643
Bruce;Harper;27;B+;Unmarried;3044
Walter;Montgomery;34;B+;unmarried;6615
Carina;Evans;35;B+;Married;4279
Stuart;Payne;29;AB-;Unmarried;9002
Lucia;Cameron;24;A-;Unmarried;6554
Chester;Jones;33;B+;unmarried;4121
Ted;Montgomery;36;0+;Unmarried;2214
Chester;Martin;37;0-;MARRIED;724
Melissa;Barrett;24;B+;Unmarried;1717
Luke;Parker;25;0+;MARRIED;5498
Dainton;Owens;18;B+;Married;5750
Jasmine;Hamilton;39;B-;married;6163
Julian;Walker;26;A+;Unmarried;8532
Cherry;Taylor;32;B+;UNMARRIED;4733
Maya;Casey;40;B+;Unmarried;3993
Rebecca;Campbell;23;B+;MARRIED;8366
Aston;Wilson;2o;B+;Unmarried;684
William;Davis;33;AB-;unmarried;9780
Sawyer;Ellis;26;A-;Unmarried;3630
Tony;Owens;36;B-;unmarried;7830
Miley;Johnston;34;A-;Married;4739
Jordan;Dixon;20;0+;MARRIED;6700
Lucas;Thomas;27;0+;married;9030
Maya;Casey;40;B+;unmarried;3993
Leonardo;Parker;24;B+;unmarried;9389
Sofia;Smith;3p;AB+;unmarried;2510
Fenton;Fowler;18;B+;MARRIED;9116
Tyler;Chapman;19;B+;Unmarried;9592
Mary;Jane;25;A+;Married;8541
Kristof;Jakob;21;AB+;UNMARRIED;4859
Aloe;Streep;28;B-;unmarried;8656
Leo;Vera;39;B+;UNMARRIED;7845
Polska;Vargas;27;B-;married;6845
Todd;Chavez;21;B+;UNMARRIED;5615
Diane;Nguyen;27;0-;Married;4979
Esteban;Malek;31;0-;Married;7845
Mike;Cambiasso;20;B+;UNMARRIED;5471
Wayne;Wazowski;29;A+;Married;4895
Pearl;Bruce;24;0-;married;8151
Paul;Tompkins;35;0+;unmarried;3959
Alison ;Brie;31;AB+;UNMARRIED;6931
Amy;Sedaris;29;A-;MARRIED;8452
Calvin;Styles;27;B+;UNMARRIED;5489
Maryll;Klein;19;AB-;married;4758
